link_lote;primeiro_leilao_data;primeiro_leilao_valor;segundo_leilao_data;segundo_leilao_valor
https://amleiloeiro.com.br/lote/21441/ivw-jetta-hl-ad-20152015;08/01/2024;;;48800,00
https://amleiloeiro.com.br/lote/21442/toyotaetios-sd-x-15l-mt-20162017;08/01/2024;;;32000,00
https://amleiloeiro.com.br/lote/21443/peugeot207-escapade-20102010;08/01/2024;;;12000,00
https://amleiloeiro.com.br/lote/21444/gmprisma-joy-20102010;08/01/2024;;;9600,00
https://amleiloeiro.com.br/lote/21445/renaultclio-authentique-10-16-vs-20072007;08/01/2024;;;7200,00
https://amleiloeiro.com.br/lote/21446/vwgol-10-20072008;08/01/2024;;;7200,00
https://amleiloeiro.com.br/lote/21447/icitroen-c5-exclusive-20-20032004;08/01/2024;;;4000,00
https://amleiloeiro.com.br/lote/21448/peugeot206-16-feline-20042004;08/01/2024;;;3200,00
https://amleiloeiro.com.br/lote/21449/hondacg-150-fan-esdi-20112011;08/01/2024;;;4000,00
https://amleiloeiro.com.br/lote/21450/yamahafactor-ybr-125-k-20102010;08/01/2024;;;3200,00
https://amleiloeiro.com.br/lote/21451/sucata;08/01/2024;;;180,00
https://amleiloeiro.com.br/lote/21452/sucata;08/01/2024;;;160,00
https://amleiloeiro.com.br/lote/21453/sucata;08/01/2024;;;80,00
https://amleiloeiro.com.br/lote/21454/sucata;08/01/2024;;;7,20
https://amleiloeiro.com.br/lote/21456/suporte-para-cameras-ronin-mx;08/01/2024;;;2400,00
https://amleiloeiro.com.br/lote/21457/lote-unificado;08/01/2024;;;864,00
https://amleiloeiro.com.br/lote/21458/gravador-digital-zoom-h5-handy-recorder;08/01/2024;;;2240,00
https://amleiloeiro.com.br/lote/21459/lote-unificado;08/01/2024;;;971,20
https://amleiloeiro.com.br/lote/21460/lote-unificado;08/01/2024;;;416,00
https://amleiloeiro.com.br/lote/21414/ivw-jetta-hl-ad-20152015;28/12/2023;;;48800,00
https://amleiloeiro.com.br/lote/21415/toyotaetios-sd-x-15l-mt-20162017;28/12/2023;;;32000,00
https://amleiloeiro.com.br/lote/21416/peugeot207-escapade-20102010;28/12/2023;;;12000,00
https://amleiloeiro.com.br/lote/21418/gmprisma-joy-20102010;28/12/2023;;;9600,00
https://amleiloeiro.com.br/lote/21419/renaultclio-authentique-10-16-vs-20072007;28/12/2023;;;7200,00
https://amleiloeiro.com.br/lote/21420/vwgol-10-20072008;28/12/2023;;;7200,00
https://amleiloeiro.com.br/lote/21421/icitroen-c5-exclusive-20-20032004;28/12/2023;;;4000,00
https://amleiloeiro.com.br/lote/21422/peugeot206-16-feline-20042004;28/12/2023;;;3200,00
https://amleiloeiro.com.br/lote/21423/hondacg-150-fan-esdi-20112011;28/12/2023;;;4000,00
https://amleiloeiro.com.br/lote/21424/yamahafactor-ybr-125-k-20102010;28/12/2023;;;3200,00
https://amleiloeiro.com.br/lote/21425/sucata;28/12/2023;;;180,00
https://amleiloeiro.com.br/lote/21426/sucata;28/12/2023;;;160,00
https://amleiloeiro.com.br/lote/21427/sucata;28/12/2023;;;80,00
https://amleiloeiro.com.br/lote/21428/sucata;28/12/2023;;;7,20
https://amleiloeiro.com.br/lote/21430/suporte-para-cameras-ronin-mx;28/12/2023;;;2400,00
https://amleiloeiro.com.br/lote/21431/lote-unificado;28/12/2023;;;864,00
https://amleiloeiro.com.br/lote/21432/gravador-digital-zoom-h5-handy-recorder;28/12/2023;;;2240,00
https://amleiloeiro.com.br/lote/21433/lote-unificado;28/12/2023;;;971,20
https://amleiloeiro.com.br/lote/21435/lote-unificado;28/12/2023;;;416,00
https://amleiloeiro.com.br/lote/21357/ivw-jetta-hl-ad-20152015;18/12/2023;;;48800,00
https://amleiloeiro.com.br/lote/21359/toyotaetios-sd-x-15l-mt-20162017;18/12/2023;;;32000,00
https://amleiloeiro.com.br/lote/21361/peugeot207-escapade-20102010;18/12/2023;;;12000,00
https://amleiloeiro.com.br/lote/21362/peugeot207hb-xr-20102011;18/12/2023;;;10400,00
https://amleiloeiro.com.br/lote/21363/gmprisma-joy-20102010;18/12/2023;;;9600,00
https://amleiloeiro.com.br/lote/21365/renaultclio-authentique-10-16-vs-20072007;18/12/2023;;;7200,00
https://amleiloeiro.com.br/lote/21366/vwgol-10-20072008;18/12/2023;;;7200,00
https://amleiloeiro.com.br/lote/21367/icitroen-c5-exclusive-20-20032004;18/12/2023;;;4000,00
https://amleiloeiro.com.br/lote/21368/peugeot206-16-feline-20042004;18/12/2023;;;3200,00
https://amleiloeiro.com.br/lote/21372/hondacg-150-fan-esdi-20112011;18/12/2023;;;4000,00
https://amleiloeiro.com.br/lote/21373/yamahafactor-ybr-125-k-20102010;18/12/2023;;;3200,00
https://amleiloeiro.com.br/lote/21382/sucata;18/12/2023;;;180,00
https://amleiloeiro.com.br/lote/21383/sucata;18/12/2023;;;160,00
https://amleiloeiro.com.br/lote/21386/sucata;18/12/2023;;;80,00
https://amleiloeiro.com.br/lote/21387/sucata;18/12/2023;;;7,20
https://amleiloeiro.com.br/lote/21283/casa-com-piscina-nereidas;24/11/2023;929551,93;11/12/2023;464775,97
https://amleiloeiro.com.br/lote/21287/parte-ideal-de-fazenda;24/11/2023;254594,25;11/12/2023;127297,12
https://amleiloeiro.com.br/lote/21288/casa;24/11/2023;42359,66;11/12/2023;21179,83
https://amleiloeiro.com.br/lote/21289/predio-comercial;24/11/2023;52949,57;11/12/2023;26474,78
https://amleiloeiro.com.br/lote/21290/terreno;24/11/2023;188994,85;11/12/2023;94497,43
https://amleiloeiro.com.br/lote/21284/casa;24/11/2023;125734,71;11/12/2023;62867,36
https://amleiloeiro.com.br/lote/21291/terreno;24/11/2023;27446,32;11/12/2023;13723,16
https://amleiloeiro.com.br/lote/21285/terreno;24/11/2023;15688,20;11/12/2023;7844,10
https://amleiloeiro.com.br/lote/21293/chevroletclassic-ls-20112011;24/11/2023;19000,00;11/12/2023;9500,00
https://amleiloeiro.com.br/lote/21292/fordversailles-20-ghia-19921992;24/11/2023;9352,00;11/12/2023;4676,00
https://amleiloeiro.com.br/lote/21275/caminhao-vw24250-clc-6x2-20082008;27/11/2023;180000,00;07/12/2023;108000,00
https://amleiloeiro.com.br/lote/21276/renaultsandero-expression-10-20142015;27/11/2023;30000,00;07/12/2023;18000,00
https://amleiloeiro.com.br/lote/21249/jaguarf-pace-20-td-prestige;27/11/2023;210000,00;07/12/2023;168000,00
https://amleiloeiro.com.br/lote/21235/iaudi-a3-lm-180-cv-20142015;27/11/2023;85000,00;07/12/2023;42500,00
https://amleiloeiro.com.br/lote/21236/hondacg-125-cargo-es-20092009;27/11/2023;4000,00;07/12/2023;2000,00
https://amleiloeiro.com.br/lote/21256/hondahr-v-exl-cvt-20192019;27/11/2023;79000,00;07/12/2023;63200,00
https://amleiloeiro.com.br/lote/21247/ivw-jetta-hl-ad-20152015;27/11/2023;61000,00;07/12/2023;48800,00
https://amleiloeiro.com.br/lote/21263/ijeep-gran-cherokee-lrd-36-l-20102011;27/11/2023;40000,00;07/12/2023;32000,00
https://amleiloeiro.com.br/lote/21277/toyotaetios-sd-x-15l-mt-20162017;27/11/2023;40000,00;07/12/2023;32000,00
https://amleiloeiro.com.br/lote/21259/imercedes-benz-c-180-k-20102010;27/11/2023;28000,00;07/12/2023;22400,00
https://amleiloeiro.com.br/lote/21243/peugeot207-escapade-20102010;27/11/2023;15000,00;07/12/2023;12000,00
https://amleiloeiro.com.br/lote/21265/peugeot207hb-xr-20102011;27/11/2023;13000,00;07/12/2023;10400,00
https://amleiloeiro.com.br/lote/21257/gmprisma-joy-20102010;27/11/2023;12000,00;07/12/2023;9600,00
https://amleiloeiro.com.br/lote/21246/fordfiesta-sedan-16-flex;27/11/2023;10000,00;07/12/2023;8000,00
https://amleiloeiro.com.br/lote/21242/renaultclio-authentique-10-16-vs-20072007;27/11/2023;9000,00;07/12/2023;7200,00
https://amleiloeiro.com.br/lote/21244/vwgol-10-20072008;27/11/2023;9000,00;07/12/2023;7200,00
https://amleiloeiro.com.br/lote/21261/icitroen-c5-exclusive-20-20032004;27/11/2023;5000,00;07/12/2023;4000,00
https://amleiloeiro.com.br/lote/21220/fiatpunto-elx-14-20102010;17/11/2023;24000,00;01/12/2023;12000,00
https://amleiloeiro.com.br/lote/21221/iford-focus-20l-fc-20082008;17/11/2023;14230,30;01/12/2023;7115,15
https://amleiloeiro.com.br/lote/21278/apartamento;24/11/2023;328373,77;01/12/2023;164186,89
https://amleiloeiro.com.br/lote/21279/tapetes-higienicos-para-caes;24/11/2023;78000,00;01/12/2023;39000,00
https://amleiloeiro.com.br/lote/21223/immc-asx-20-20122013;16/11/2023;;;41040,00
https://amleiloeiro.com.br/lote/21224/renaultsandero-exp-16-20112011;16/11/2023;;;16800,00
https://amleiloeiro.com.br/lote/21225/vwgol-10-20102011;16/11/2023;;;12000,00
https://amleiloeiro.com.br/lote/21226/fiatpalio-fire-20022003;16/11/2023;;;5200,00
https://amleiloeiro.com.br/lote/21214/sucata;27/10/2023;30000,00;06/11/2023;24000,00
https://amleiloeiro.com.br/lote/21216/immc-asx-20-20122013;06/11/2023;;;41040,00
https://amleiloeiro.com.br/lote/21217/renaultsandero-exp-16-20112011;06/11/2023;;;16800,00
https://amleiloeiro.com.br/lote/21218/vwgol-10-20102011;06/11/2023;;;12000,00
https://amleiloeiro.com.br/lote/21219/fiatpalio-fire-20022003;06/11/2023;;;5200,00
https://amleiloeiro.com.br/lote/21154/carretinha-20002000;20/10/2023;7000,00;27/10/2023;3500,00
https://amleiloeiro.com.br/lote/21155/carretinha-20022002;20/10/2023;6000,00;27/10/2023;3000,00
https://amleiloeiro.com.br/lote/21204/immc-asx-20-20122013;26/10/2023;;;41040,00
https://amleiloeiro.com.br/lote/21205/renaultsandero-exp-16-20112011;26/10/2023;;;16800,00
https://amleiloeiro.com.br/lote/21206/vwgol-10-20102011;26/10/2023;;;12000,00
https://amleiloeiro.com.br/lote/21207/fiatpalio-fire-20022003;26/10/2023;;;5200,00
https://amleiloeiro.com.br/lote/21144/immc-asx-20-20122013;06/10/2023;51300,00;16/10/2023;41040,00
https://amleiloeiro.com.br/lote/21147/renaultsandero-exp-16-20112011;06/10/2023;21000,00;16/10/2023;16800,00
https://amleiloeiro.com.br/lote/21149/vwgol-10-20102011;06/10/2023;15000,00;16/10/2023;12000,00
https://amleiloeiro.com.br/lote/21145/fiatpalio-fire-20022003;06/10/2023;6500,00;16/10/2023;5200,00
https://amleiloeiro.com.br/lote/21151/imercedes-benz-b-200-t-20072007;06/10/2023;5000,00;16/10/2023;4000,00
https://amleiloeiro.com.br/lote/21146/sucata;06/10/2023;1000,00;16/10/2023;800,00
https://amleiloeiro.com.br/lote/21148/sucata;06/10/2023;600,00;16/10/2023;480,00
https://amleiloeiro.com.br/lote/21143/sucata;06/10/2023;150,00;16/10/2023;120,00
https://amleiloeiro.com.br/lote/21150/513-gramas-de-esmeraldas;06/10/2023;513,00;16/10/2023;410,40
https://amleiloeiro.com.br/lote/21142/oculos-de-sol;06/10/2023;220,00;16/10/2023;176,00
https://amleiloeiro.com.br/lote/21181/jaguarf-pace-20-td-prestige-20182019;16/10/2023;;;204000,00
https://amleiloeiro.com.br/lote/21182/hondahr-v-exl-cvt-20192019;16/10/2023;;;79200,00
https://amleiloeiro.com.br/lote/21183/ijeep-gran-cherokee-lrd-36-l-20102011;16/10/2023;;;40000,00
https://amleiloeiro.com.br/lote/21184/imercedes-benz-c-180-k-20102010;16/10/2023;;;28000,00
https://amleiloeiro.com.br/lote/21185/peugeot207hb-xr-20102011;16/10/2023;;;12800,00
https://amleiloeiro.com.br/lote/21186/gmprisma-joy-20102010;16/10/2023;;;12800,00
https://amleiloeiro.com.br/lote/21187/peugeot206-16-feline-20042004;16/10/2023;;;4000,00
https://amleiloeiro.com.br/lote/21188/impford-escort-gl-16v-f-20022002;16/10/2023;;;2400,00
https://amleiloeiro.com.br/lote/21190/yamahafactor-ybr-125-k-20102010;16/10/2023;;;4000,00
https://amleiloeiro.com.br/lote/21192/suporte-para-cameras-ronin-mx;16/10/2023;;;4000,00
https://amleiloeiro.com.br/lote/21193/lote-unificado;16/10/2023;;;1184,00
https://amleiloeiro.com.br/lote/21194/gravador-digital-zoom-h5-handy-recorder;16/10/2023;;;2800,00
https://amleiloeiro.com.br/lote/21195/lote-unificado;16/10/2023;;;1312,00
https://amleiloeiro.com.br/lote/21196/lote-unificado;16/10/2023;;;1116,00
https://amleiloeiro.com.br/lote/21198/lote-unificado;16/10/2023;;;520,00
https://amleiloeiro.com.br/lote/21200/caneta-montblanc;16/10/2023;;;1568,00
https://amleiloeiro.com.br/lote/21201/relogios;16/10/2023;;;495,20
https://amleiloeiro.com.br/lote/21202/relogios;16/10/2023;;;664,00
https://amleiloeiro.com.br/lote/21203/diversos;16/10/2023;;;96,00
https://amleiloeiro.com.br/lote/21086/terreno;;;;
https://amleiloeiro.com.br/lote/21085/terreno;;;;
https://amleiloeiro.com.br/lote/21084/terreno;;;;
https://amleiloeiro.com.br/lote/21088/sobrado-a-beira-mar;28/09/2023;346676,24;09/10/2023;173338,12
https://amleiloeiro.com.br/lote/21157/jaguarf-pace-20-td-prestige-20182019;04/10/2023;;;204000,00
https://amleiloeiro.com.br/lote/21158/hondahr-v-exl-cvt-20192019;04/10/2023;;;79200,00
https://amleiloeiro.com.br/lote/21159/ijeep-gran-cherokee-lrd-36-l-20102011;04/10/2023;;;40000,00
https://amleiloeiro.com.br/lote/21160/imercedes-benz-c-180-k-20102010;04/10/2023;;;28000,00
https://amleiloeiro.com.br/lote/21161/peugeot207hb-xr-20102011;04/10/2023;;;12800,00
https://amleiloeiro.com.br/lote/21162/gmprisma-joy-20102010;04/10/2023;;;12800,00
https://amleiloeiro.com.br/lote/21164/peugeot206-16-feline-20042004;04/10/2023;;;4000,00
https://amleiloeiro.com.br/lote/21165/impford-escort-gl-16v-f-20022002;04/10/2023;;;2400,00
https://amleiloeiro.com.br/lote/21166/fordka-19971998;04/10/2023;;;1500,00
https://amleiloeiro.com.br/lote/21167/yamahafactor-ybr-125-k-20102010;04/10/2023;;;4000,00
https://amleiloeiro.com.br/lote/21169/suporte-para-cameras-ronin-mx;04/10/2023;;;4000,00
https://amleiloeiro.com.br/lote/21170/lote-unificado;04/10/2023;;;1184,00
https://amleiloeiro.com.br/lote/21171/gravador-digital-zoom-h5-handy-recorder;04/10/2023;;;2800,00
https://amleiloeiro.com.br/lote/21172/lote-unificado;04/10/2023;;;1312,00
https://amleiloeiro.com.br/lote/21173/lote-unificado;04/10/2023;;;1116,00
https://amleiloeiro.com.br/lote/21174/cadeira-gamer;04/10/2023;;;240,00
https://amleiloeiro.com.br/lote/21175/lote-unificado;04/10/2023;;;520,00
https://amleiloeiro.com.br/lote/21177/caneta-montblanc;04/10/2023;;;1568,00
https://amleiloeiro.com.br/lote/21178/relogios;04/10/2023;;;495,20
https://amleiloeiro.com.br/lote/21179/relogios;04/10/2023;;;664,00
https://amleiloeiro.com.br/lote/21180/diversos;04/10/2023;;;96,00
https://amleiloeiro.com.br/lote/21090/jaguarf-pace-20-td-prestige-20182019;25/09/2023;;;204000,00
https://amleiloeiro.com.br/lote/21091/hondahr-v-exl-cvt-20192019;25/09/2023;;;79200,00
https://amleiloeiro.com.br/lote/21092/ijeep-gran-cherokee-lrd-36-l-20102011;25/09/2023;;;40000,00
https://amleiloeiro.com.br/lote/21093/imercedes-benz-c-180-k-20102010;25/09/2023;;;28000,00
https://amleiloeiro.com.br/lote/21095/peugeot207hb-xr-20102011;25/09/2023;;;12800,00
https://amleiloeiro.com.br/lote/21096/gmprisma-joy-20102010;25/09/2023;;;12800,00
https://amleiloeiro.com.br/lote/21097/renaultsandero-authentique-10-16v-20112011;25/09/2023;;;9600,00
https://amleiloeiro.com.br/lote/21099/peugeot206-16-feline-20042004;25/09/2023;;;4000,00
https://amleiloeiro.com.br/lote/21100/impford-escort-gl-16v-f-20022002;25/09/2023;;;2400,00
https://amleiloeiro.com.br/lote/21101/fordka-19971998;25/09/2023;;;1500,00
https://amleiloeiro.com.br/lote/21103/yamahafactor-ybr-125-k-20102010;25/09/2023;;;4000,00
https://amleiloeiro.com.br/lote/21118/suporte-para-cameras-ronin-mx;25/09/2023;;;4000,00
https://amleiloeiro.com.br/lote/21119/lote-unificado;25/09/2023;;;1184,00
https://amleiloeiro.com.br/lote/21120/gravador-digital-zoom-h5-handy-recorder;25/09/2023;;;2800,00
https://amleiloeiro.com.br/lote/21124/lote-unificado;25/09/2023;;;1312,00
https://amleiloeiro.com.br/lote/21125/lote-unificado;25/09/2023;;;1116,00
https://amleiloeiro.com.br/lote/21128/cadeira-gamer;25/09/2023;;;240,00
https://amleiloeiro.com.br/lote/21132/lote-unificado;25/09/2023;;;520,00
https://amleiloeiro.com.br/lote/21134/caneta-montblanc;25/09/2023;;;1568,00
https://amleiloeiro.com.br/lote/21137/relogios;25/09/2023;;;495,20
https://amleiloeiro.com.br/lote/21138/relogios;25/09/2023;;;664,00
https://amleiloeiro.com.br/lote/21141/diversos;25/09/2023;;;96,00
https://amleiloeiro.com.br/lote/21022/fiatpunto-elx-14-20102010;05/09/2023;24000,00;19/09/2023;12000,00
https://amleiloeiro.com.br/lote/21023/pes-de-morango;05/09/2023;1015,00;19/09/2023;507,50
https://amleiloeiro.com.br/lote/21020/casa-de-esquina;05/09/2023;529285,77;19/09/2023;423428,62
https://amleiloeiro.com.br/lote/21083/sobrado;01/09/2023;395067,46;15/09/2023;237040,48
https://amleiloeiro.com.br/lote/21028/terreno;01/09/2023;156152,34;15/09/2023;78076,17
https://amleiloeiro.com.br/lote/21025/terreno;01/09/2023;46712,50;15/09/2023;23356,25
https://amleiloeiro.com.br/lote/21027/chevroletclassic-ls-20112012;01/09/2023;19000,00;15/09/2023;9500,00
https://amleiloeiro.com.br/lote/21026/fordversailles-20-ghia-1992-1992;01/09/2023;7500,00;15/09/2023;3750,00
https://amleiloeiro.com.br/lote/21054/jaguarf-pace-20-td-prestige-20182019;04/09/2023;255000,00;14/09/2023;204000,00
https://amleiloeiro.com.br/lote/21047/hondahr-v-exl-cvt-20192019;04/09/2023;99000,00;14/09/2023;79200,00
https://amleiloeiro.com.br/lote/21056/ijeep-gran-cherokee-lrd-36-l-20102011;04/09/2023;50000,00;14/09/2023;40000,00
https://amleiloeiro.com.br/lote/21074/imercedes-benz-c-180-k-20102010;04/09/2023;35000,00;14/09/2023;28000,00
https://amleiloeiro.com.br/lote/21055/vwnovo-voyage-16-city-20132014;04/09/2023;28000,00;14/09/2023;14000,00
https://amleiloeiro.com.br/lote/21048/peugeot207hb-xr-20102011;04/09/2023;16000,00;14/09/2023;12800,00
https://amleiloeiro.com.br/lote/21071/gmprisma-joy-20102010;04/09/2023;16000,00;14/09/2023;12800,00
https://amleiloeiro.com.br/lote/21072/renaultsandero-authentique-10-16v-20112011;04/09/2023;12000,00;14/09/2023;9600,00
https://amleiloeiro.com.br/lote/21079/fiatpalio-fire-economy-20112012;04/09/2023;9000,00;14/09/2023;7200,00
https://amleiloeiro.com.br/lote/21070/peugeot206-16-feline-20042004;04/09/2023;5000,00;14/09/2023;4000,00
https://amleiloeiro.com.br/lote/21073/impford-escort-gl-16v-f-20022002;04/09/2023;3000,00;14/09/2023;2400,00
https://amleiloeiro.com.br/lote/21081/fordka-19971998;04/09/2023;2500,00;14/09/2023;1500,00
https://amleiloeiro.com.br/lote/21051/fordka-gl-20022003;04/09/2023;2000,00;14/09/2023;1000,00
https://amleiloeiro.com.br/lote/21049/yamahafactor-ybr-125-k-20102010;04/09/2023;5000,00;14/09/2023;4000,00
https://amleiloeiro.com.br/lote/21046/hondacg-125-fan-ks-20102010;04/09/2023;3500,00;14/09/2023;2800,00
https://amleiloeiro.com.br/lote/21000/propriedade-rural;;;;
https://amleiloeiro.com.br/lote/21002/propriedade-rural;;;;
https://amleiloeiro.com.br/lote/20967/sobrado;01/08/2023;395067,46;15/08/2023;237040,48
https://amleiloeiro.com.br/lote/21016/vwgol-10-20102011;14/08/2023;;;15200,00
https://amleiloeiro.com.br/lote/21017/fiatpalio-fire-20022003;14/08/2023;;;6400,00
https://amleiloeiro.com.br/lote/21018/sucata;14/08/2023;;;160,00
https://amleiloeiro.com.br/lote/21019/sucata;14/08/2023;;;120,00
https://amleiloeiro.com.br/lote/21012/vwgol-10-20102011;04/08/2023;;;15200,00
https://amleiloeiro.com.br/lote/21013/fiatpalio-fire-20022003;04/08/2023;;;6400,00
https://amleiloeiro.com.br/lote/21014/sucata;04/08/2023;;;160,00
https://amleiloeiro.com.br/lote/21015/sucata;04/08/2023;;;120,00
https://amleiloeiro.com.br/lote/20965/sucata;21/07/2023;2000,00;01/08/2023;1600,00
https://amleiloeiro.com.br/lote/21005/vwgol-10-20102011;24/07/2023;;;15200,00
https://amleiloeiro.com.br/lote/21007/fiatpalio-fire-20022003;24/07/2023;;;6400,00
https://amleiloeiro.com.br/lote/21010/sucata;24/07/2023;;;160,00
https://amleiloeiro.com.br/lote/21011/sucata;24/07/2023;;;120,00
https://amleiloeiro.com.br/lote/20876/predio-residencial;03/07/2023;673160,50;17/07/2023;336580,25
https://amleiloeiro.com.br/lote/20926/vwgolf-16-sportline-20082008;04/07/2023;34000,00;14/07/2023;17000,00
https://amleiloeiro.com.br/lote/20928/vwgol-10-20102011;04/07/2023;19000,00;14/07/2023;15200,00
https://amleiloeiro.com.br/lote/20931/fiatuno-vivace-10-20152015;04/07/2023;16000,00;14/07/2023;12800,00
https://amleiloeiro.com.br/lote/20930/fiatpalio-fire-20022003;04/07/2023;8000,00;14/07/2023;6400,00
https://amleiloeiro.com.br/lote/20929/hondacg-125-i-fan-20182018;04/07/2023;6000,00;14/07/2023;4800,00
https://amleiloeiro.com.br/lote/20927/sucata;04/07/2023;300,00;14/07/2023;240,00
https://amleiloeiro.com.br/lote/20924/sucata;04/07/2023;200,00;14/07/2023;160,00
https://amleiloeiro.com.br/lote/20925/sucata;04/07/2023;150,00;14/07/2023;120,00
https://amleiloeiro.com.br/lote/20969/jaguarf-pace-20-td-prestige-20182019;12/07/2023;;;216000,00
https://amleiloeiro.com.br/lote/20970/immc-asx-20-20122013;12/07/2023;;;45600,00
https://amleiloeiro.com.br/lote/20971/vwnovo-voyage-16-city-20132014;12/07/2023;;;24800,00
https://amleiloeiro.com.br/lote/20972/renaultsandero-authentique-10-16v-20112011;12/07/2023;;;11600,00
https://amleiloeiro.com.br/lote/20973/gmkadett-ipanema-sl-efi-19931993;12/07/2023;;;3200,00
https://amleiloeiro.com.br/lote/20974/impford-escort-gl-16v-f-20022002;12/07/2023;;;3200,00
https://amleiloeiro.com.br/lote/20975/fordka-19971998;12/07/2023;;;1800,00
https://amleiloeiro.com.br/lote/20976/hondacg-150-fan-esi-20132013;12/07/2023;;;5120,00
https://amleiloeiro.com.br/lote/20977/hondacg-125-titan-ks-20032004;12/07/2023;;;1200,00
https://amleiloeiro.com.br/lote/20978/sucata;12/07/2023;;;800,00
https://amleiloeiro.com.br/lote/20979/sucata;12/07/2023;;;200,00
https://amleiloeiro.com.br/lote/20980/sucata;12/07/2023;;;160,00
https://amleiloeiro.com.br/lote/20981/sucata;12/07/2023;;;60,00
https://amleiloeiro.com.br/lote/20982/sucata;12/07/2023;;;80,00
https://amleiloeiro.com.br/lote/20984/caneta-montblanc;12/07/2023;;;1984,00
https://amleiloeiro.com.br/lote/20985/relogios;12/07/2023;;;832,00
https://amleiloeiro.com.br/lote/20986/relogio;12/07/2023;;;1280,00
https://amleiloeiro.com.br/lote/20987/relogios;12/07/2023;;;627,20
https://amleiloeiro.com.br/lote/20988/relogios;12/07/2023;;;832,00
https://amleiloeiro.com.br/lote/20989/relogios;12/07/2023;;;640,00
https://amleiloeiro.com.br/lote/20990/relogios;12/07/2023;;;576,00
https://amleiloeiro.com.br/lote/20991/diversos;12/07/2023;;;128,00
https://amleiloeiro.com.br/lote/20933/jaguarf-pace-20-td-prestige-20182019;03/07/2023;;;216000,00
https://amleiloeiro.com.br/lote/20934/immc-asx-20-20122013;03/07/2023;;;45600,00
https://amleiloeiro.com.br/lote/20935/vwnovo-voyage-16-city-20132014;03/07/2023;;;24800,00
https://amleiloeiro.com.br/lote/20936/renaultsandero-authentique-10-16v-20112011;03/07/2023;;;11600,00
https://amleiloeiro.com.br/lote/20937/gmkadett-ipanema-sl-efi-19931993;03/07/2023;;;3200,00
https://amleiloeiro.com.br/lote/20938/impford-escort-gl-16v-f-20022002;03/07/2023;;;3200,00
https://amleiloeiro.com.br/lote/20939/fordka-19971998;03/07/2023;;;1800,00
https://amleiloeiro.com.br/lote/20940/hondacg-150-fan-esi-20132013;03/07/2023;;;5120,00
https://amleiloeiro.com.br/lote/20942/hondacg-125-titan-ks-20032004;03/07/2023;;;1200,00
https://amleiloeiro.com.br/lote/20943/sucata;03/07/2023;;;800,00
https://amleiloeiro.com.br/lote/20944/sucata;03/07/2023;;;200,00
https://amleiloeiro.com.br/lote/20945/sucata;03/07/2023;;;160,00
https://amleiloeiro.com.br/lote/20946/sucata;03/07/2023;;;60,00
https://amleiloeiro.com.br/lote/20947/sucata;03/07/2023;;;80,00
https://amleiloeiro.com.br/lote/20949/caneta-montblanc;03/07/2023;;;1984,00
https://amleiloeiro.com.br/lote/20950/relogios;03/07/2023;;;832,00
https://amleiloeiro.com.br/lote/20951/relogio;03/07/2023;;;1280,00
https://amleiloeiro.com.br/lote/20952/relogios;03/07/2023;;;627,20
https://amleiloeiro.com.br/lote/20954/relogios;03/07/2023;;;832,00
https://amleiloeiro.com.br/lote/20955/relogios;03/07/2023;;;640,00
https://amleiloeiro.com.br/lote/20956/relogios;03/07/2023;;;576,00
https://amleiloeiro.com.br/lote/20957/diversos;03/07/2023;;;128,00
https://amleiloeiro.com.br/lote/20873/parte-ideal;16/06/2023;189136,33;30/06/2023;94568,16
https://amleiloeiro.com.br/lote/20872/casa;16/06/2023;186450,50;30/06/2023;93225,25
https://amleiloeiro.com.br/lote/20875/terreno-sem-acesso;16/06/2023;20857,95;30/06/2023;10428,98
https://amleiloeiro.com.br/lote/20871/renaultsandero-exp-10-16-v-20122013;16/06/2023;25000,00;30/06/2023;12500,00
https://amleiloeiro.com.br/lote/20874/notebook-acer;16/06/2023;3000,00;30/06/2023;1500,00
https://amleiloeiro.com.br/lote/20863/casa;14/06/2023;201245,00;28/06/2023;100622,50
https://amleiloeiro.com.br/lote/20867/sala-comercial;14/06/2023;129411,53;28/06/2023;64705,76
https://amleiloeiro.com.br/lote/20865/compressor-de-ar;14/06/2023;4000,00;28/06/2023;2000,00
https://amleiloeiro.com.br/lote/20869/aco-4340;14/06/2023;2000,00;28/06/2023;1000,00
https://amleiloeiro.com.br/lote/20868/compressor-de-ar;14/06/2023;1500,00;28/06/2023;750,00
https://amleiloeiro.com.br/lote/20866/mudas-de-morango-organico;14/06/2023;1015,00;28/06/2023;507,50
https://amleiloeiro.com.br/lote/20854/barracao-com-boqueirao;14/06/2023;1504664,65;28/06/2023;752332,32
https://amleiloeiro.com.br/lote/20858/casa-em-colombopr;14/06/2023;401304,23;28/06/2023;300978,17
https://amleiloeiro.com.br/lote/20857/apartamento;14/06/2023;369526,43;28/06/2023;184763,21
https://amleiloeiro.com.br/lote/20855/casas;14/06/2023;239168,21;28/06/2023;179376,16
https://amleiloeiro.com.br/lote/20859/apartamento;14/06/2023;226768,06;28/06/2023;136060,84
https://amleiloeiro.com.br/lote/20860/apartamento;14/06/2023;159673,46;28/06/2023;95804,08
https://amleiloeiro.com.br/lote/20856/apartamento;14/06/2023;136938,09;28/06/2023;68469,04
https://amleiloeiro.com.br/lote/20861/vaga-de-garagem;14/06/2023;39569,71;28/06/2023;19784,85
https://amleiloeiro.com.br/lote/20879/jaguarf-pace-20-td-prestige-20182019;22/06/2023;;;216000,00
https://amleiloeiro.com.br/lote/20881/immc-asx-20-20122013;22/06/2023;;;45600,00
https://amleiloeiro.com.br/lote/20883/vwnovo-voyage-16-city-20132014;22/06/2023;;;24800,00
https://amleiloeiro.com.br/lote/20887/renaultsandero-authentique-10-16v-20112011;22/06/2023;;;11600,00
https://amleiloeiro.com.br/lote/20891/gmkadett-ipanema-sl-efi-19931993;22/06/2023;;;3200,00
https://amleiloeiro.com.br/lote/20892/impford-escort-gl-16v-f-20022002;22/06/2023;;;3200,00
https://amleiloeiro.com.br/lote/20922/fordka-19971998;22/06/2023;;;1800,00
https://amleiloeiro.com.br/lote/20895/hondacg-150-fan-esi-20132013;22/06/2023;;;5120,00
https://amleiloeiro.com.br/lote/20896/hondacg-125-fan-ks-20122013;22/06/2023;;;1800,00
https://amleiloeiro.com.br/lote/20897/hondacg-125-titan-ks-20032004;22/06/2023;;;1200,00
https://amleiloeiro.com.br/lote/20899/sucata;22/06/2023;;;800,00
https://amleiloeiro.com.br/lote/20901/sucata;22/06/2023;;;200,00
https://amleiloeiro.com.br/lote/20902/sucata;22/06/2023;;;160,00
https://amleiloeiro.com.br/lote/20903/sucata;22/06/2023;;;60,00
https://amleiloeiro.com.br/lote/20904/sucata;22/06/2023;;;80,00
https://amleiloeiro.com.br/lote/20819/jaguarf-pace-20-td-prestige-20182019;02/06/2023;270000,00;12/06/2023;216000,00
https://amleiloeiro.com.br/lote/20812/ivolvo-xc-60-d5-momentum-20162017;02/06/2023;110000,00;12/06/2023;55000,00
https://amleiloeiro.com.br/lote/20823/immc-asx-20-20122013;02/06/2023;57000,00;12/06/2023;45600,00
https://amleiloeiro.com.br/lote/20817/ivw-jetta-variant-20102011;02/06/2023;41000,00;12/06/2023;32800,00
https://amleiloeiro.com.br/lote/20816/vwnovo-voyage-16-city-20132014;02/06/2023;31000,00;12/06/2023;24800,00
https://amleiloeiro.com.br/lote/20814/peugeothoggar-xline-20112011;02/06/2023;15000,00;12/06/2023;9000,00
https://amleiloeiro.com.br/lote/20815/fordka-19971998;02/06/2023;3000,00;12/06/2023;1800,00
https://amleiloeiro.com.br/lote/20841/renaultsandero-authentique-10-16v-20112011;02/06/2023;14500,00;12/06/2023;11600,00
https://amleiloeiro.com.br/lote/20839/ford-fiesta-flex-20102010;02/06/2023;9800,00;12/06/2023;7840,00
https://amleiloeiro.com.br/lote/20825/fiatstilo-20042004;02/06/2023;5000,00;12/06/2023;4000,00
https://amleiloeiro.com.br/lote/20837/vwgol-mi-19971997;02/06/2023;4000,00;12/06/2023;3200,00
https://amleiloeiro.com.br/lote/20820/gmkadett-ipanema-sl-efi-19931993;02/06/2023;4000,00;12/06/2023;3200,00
https://amleiloeiro.com.br/lote/20838/impford-escort-gl-16v-f-20022002;02/06/2023;4000,00;12/06/2023;3200,00
https://amleiloeiro.com.br/lote/20811/toyota-bandeirante-19811981;02/06/2023;3000,00;12/06/2023;2400,00
https://amleiloeiro.com.br/lote/20850/gmcelta-2p-spirit-20052006;02/06/2023;3000,00;12/06/2023;1500,00
https://amleiloeiro.com.br/lote/20851/hondacg-150-fan-esi-20132013;02/06/2023;6400,00;12/06/2023;5120,00
https://amleiloeiro.com.br/lote/20785/ivw-jetta-hl-ad;06/04/2023;;;56000,00
https://amleiloeiro.com.br/lote/20786/fiatuno-vivace-10;06/04/2023;;;16800,00
https://amleiloeiro.com.br/lote/20787/renaultsandero-authentique-10-16v;06/04/2023;;;14400,00
https://amleiloeiro.com.br/lote/20788/ford-fiesta-flex;06/04/2023;;;11200,00
https://amleiloeiro.com.br/lote/20790/vwgol-mi;06/04/2023;;;4000,00
https://amleiloeiro.com.br/lote/20791/hondacg-150-fan-esi;06/04/2023;;;6400,00
https://amleiloeiro.com.br/lote/20792/sucata;06/04/2023;;;160,00
https://amleiloeiro.com.br/lote/20793/sucata;06/04/2023;;;120,00
https://amleiloeiro.com.br/lote/20795/caneta-montblanc;06/04/2023;;;2480,00
https://amleiloeiro.com.br/lote/20796/relogios;06/04/2023;;;1040,00
https://amleiloeiro.com.br/lote/20797/relogio;06/04/2023;;;1600,00
https://amleiloeiro.com.br/lote/20798/relogios;06/04/2023;;;784,00
https://amleiloeiro.com.br/lote/20799/relogio;06/04/2023;;;1600,00
https://amleiloeiro.com.br/lote/20800/relogio;06/04/2023;;;1040,00
https://amleiloeiro.com.br/lote/20801/relogios;06/04/2023;;;800,00
https://amleiloeiro.com.br/lote/20802/relogio;06/04/2023;;;720,00
https://amleiloeiro.com.br/lote/20803/porta-joias;06/04/2023;;;160,00
https://amleiloeiro.com.br/lote/20805/aneis-colares-e-pingentes;06/04/2023;;;544,00
https://amleiloeiro.com.br/lote/20806/prendedores-anel-e-gargantilhas;06/04/2023;;;492,00
https://amleiloeiro.com.br/lote/20807/pulseiras-piercings-e-caneta;06/04/2023;;;528,00
https://amleiloeiro.com.br/lote/20808/pulseira-brinco-e-pingente;06/04/2023;;;493,18
https://amleiloeiro.com.br/lote/20809/esmeraldas;06/04/2023;;;4924,80
https://amleiloeiro.com.br/lote/20760/ivw-jetta-hl-ad;28/03/2023;;;56000,00
https://amleiloeiro.com.br/lote/20761/fiatuno-vivace-10;28/03/2023;;;16800,00
https://amleiloeiro.com.br/lote/20762/renaultsandero-authentique-10-16v;28/03/2023;;;14400,00
https://amleiloeiro.com.br/lote/20763/ford-fiesta-flex;28/03/2023;;;11200,00
https://amleiloeiro.com.br/lote/20764/fordecosport-xls-16l;28/03/2023;;;10400,00
https://amleiloeiro.com.br/lote/20765/vwgol-mi;28/03/2023;;;4000,00
https://amleiloeiro.com.br/lote/20766/hondacg-150-fan-esi;28/03/2023;;;6400,00
https://amleiloeiro.com.br/lote/20767/sucata;28/03/2023;;;160,00
https://amleiloeiro.com.br/lote/20768/sucata;28/03/2023;;;120,00
https://amleiloeiro.com.br/lote/20770/caneta-montblanc;28/03/2023;;;2480,00
https://amleiloeiro.com.br/lote/20771/relogios;28/03/2023;;;1040,00
https://amleiloeiro.com.br/lote/20772/relogio;28/03/2023;;;1600,00
https://amleiloeiro.com.br/lote/20773/relogios;28/03/2023;;;784,00
https://amleiloeiro.com.br/lote/20774/relogio;28/03/2023;;;1600,00
https://amleiloeiro.com.br/lote/20775/relogio;28/03/2023;;;1040,00
https://amleiloeiro.com.br/lote/20776/relogios;28/03/2023;;;800,00
https://amleiloeiro.com.br/lote/20777/relogio;28/03/2023;;;720,00
https://amleiloeiro.com.br/lote/20778/porta-joias;28/03/2023;;;160,00
https://amleiloeiro.com.br/lote/20780/aneis-colares-e-pingentes;28/03/2023;;;544,00
https://amleiloeiro.com.br/lote/20781/prendedores-anel-e-gargantilhas;28/03/2023;;;492,00
https://amleiloeiro.com.br/lote/20782/pulseiras-piercings-e-caneta;28/03/2023;;;528,00
https://amleiloeiro.com.br/lote/20783/pulseira-brinco-e-pingente;28/03/2023;;;493,18
https://amleiloeiro.com.br/lote/20784/esmeraldas;28/03/2023;;;4924,80
https://amleiloeiro.com.br/lote/20705/ivw-jetta-hl-ad;17/03/2023;;;56000,00
https://amleiloeiro.com.br/lote/20758/fiatuno-vivace-10;17/03/2023;;;16800,00
https://amleiloeiro.com.br/lote/20715/renaultsandero-authentique-10-16v;17/03/2023;;;14400,00
https://amleiloeiro.com.br/lote/20717/ford-fiesta-flex;17/03/2023;;;11200,00
https://amleiloeiro.com.br/lote/20718/fordecosport-xls-16l;17/03/2023;;;10400,00
https://amleiloeiro.com.br/lote/20720/vwgol-mi;17/03/2023;;;4000,00
https://amleiloeiro.com.br/lote/20722/hondacg-150-fan-esi;17/03/2023;;;6400,00
https://amleiloeiro.com.br/lote/20732/sucata;17/03/2023;;;160,00
https://amleiloeiro.com.br/lote/20733/sucata;17/03/2023;;;120,00
https://amleiloeiro.com.br/lote/20737/caneta-montblanc;17/03/2023;;;2480,00
https://amleiloeiro.com.br/lote/20739/relogios;17/03/2023;;;1040,00
https://amleiloeiro.com.br/lote/20740/relogio;17/03/2023;;;1600,00
https://amleiloeiro.com.br/lote/20741/relogios;17/03/2023;;;784,00
https://amleiloeiro.com.br/lote/20742/relogio;17/03/2023;;;1600,00
https://amleiloeiro.com.br/lote/20743/relogio;17/03/2023;;;1040,00
https://amleiloeiro.com.br/lote/20744/relogios;17/03/2023;;;800,00
https://amleiloeiro.com.br/lote/20745/relogio;17/03/2023;;;720,00
https://amleiloeiro.com.br/lote/20746/porta-joias;17/03/2023;;;160,00
https://amleiloeiro.com.br/lote/20750/aneis-colares-e-pingentes;17/03/2023;;;544,00
https://amleiloeiro.com.br/lote/20753/prendedores-anel-e-gargantilhas;17/03/2023;;;492,00
https://amleiloeiro.com.br/lote/20754/pulseiras-piercings-e-caneta;17/03/2023;;;528,00
https://amleiloeiro.com.br/lote/20755/pulseira-brinco-e-pingente;17/03/2023;;;493,18
https://amleiloeiro.com.br/lote/20757/esmeraldas;17/03/2023;;;4924,80
https://amleiloeiro.com.br/lote/20694/sobrado;03/03/2023;655947,13;17/03/2023;327973,57
https://amleiloeiro.com.br/lote/20692/casa;03/03/2023;410979,80;17/03/2023;205489,90
https://amleiloeiro.com.br/lote/20693/parte-ideal-de-chacara;03/03/2023;189136,33;17/03/2023;94568,16
https://amleiloeiro.com.br/lote/20690/terreno;03/03/2023;59183,31;17/03/2023;29591,65
https://amleiloeiro.com.br/lote/20691/terreno;03/03/2023;64563,61;17/03/2023;32281,81
https://amleiloeiro.com.br/lote/20688/terreno-sem-acesso;03/03/2023;20857,95;17/03/2023;10428,98
https://amleiloeiro.com.br/lote/20696/terreno-sem-acesso;03/03/2023;2684,68;17/03/2023;1342,34
https://amleiloeiro.com.br/lote/20695/notebook-acer;03/03/2023;3000,00;17/03/2023;1500,00
https://amleiloeiro.com.br/lote/20678/impmmc-expo-sp;01/03/2023;7181,00;15/03/2023;5744,80
https://amleiloeiro.com.br/lote/20669/apartamento-cjto-residencial-jd-das-palmeiras-ii;01/03/2023;217453,59;15/03/2023;108726,79
https://amleiloeiro.com.br/lote/20681/sobrado;01/03/2023;386236,83;15/03/2023;193118,42
https://amleiloeiro.com.br/lote/20685/terreno-em-pontal-do-parana;01/03/2023;141056,00;15/03/2023;70528,00
https://amleiloeiro.com.br/lote/20684/fiat-uno-mile-smart;01/03/2023;9500,00;15/03/2023;4750,00
https://amleiloeiro.com.br/lote/20682/corsa-wind;01/03/2023;3500,00;15/03/2023;1750,00
https://amleiloeiro.com.br/lote/20686/diversos;01/03/2023;15900,00;15/03/2023;7950,00
https://amleiloeiro.com.br/lote/20683/aco-4340;01/03/2023;2000,00;15/03/2023;1000,00
https://amleiloeiro.com.br/lote/20680/compressor-marca-schultz;01/03/2023;1500,00;15/03/2023;750,00
https://amleiloeiro.com.br/lote/20672/predio-comercial;01/03/2023;1695007,52;15/03/2023;1017004,51
https://amleiloeiro.com.br/lote/20674/apartamento-no-cond-edificio-hawai;01/03/2023;488416,41;15/03/2023;293049,85
https://amleiloeiro.com.br/lote/20671/apartamento-no-cjto-residencial-iguacu-iv;01/03/2023;226768,06;15/03/2023;136060,84
https://amleiloeiro.com.br/lote/20673/casa;01/03/2023;209994,51;15/03/2023;125996,71
https://amleiloeiro.com.br/lote/20676/apartamento-no-cond-conj-res-moradias-campo-comprido;01/03/2023;159673,46;15/03/2023;95804,08
https://amleiloeiro.com.br/lote/20675/vaga-de-garagem-no-edificio-dom-rodrigo-flat-service;01/03/2023;39569,71;15/03/2023;19784,85
https://amleiloeiro.com.br/lote/20647/bmw320i-active-flex;27/02/2023;115000,00;08/03/2023;92000,00
https://amleiloeiro.com.br/lote/20648/fiatuno-vivace-10;27/02/2023;21000,00;08/03/2023;16800,00
https://amleiloeiro.com.br/lote/20626/nissanfrontier-se-25-x2;27/02/2023;75000,00;08/03/2023;60000,00
https://amleiloeiro.com.br/lote/20617/ivw-jetta-hl-ad;27/02/2023;70000,00;08/03/2023;56000,00
https://amleiloeiro.com.br/lote/20614/peugeot208-active-pack-mt;27/02/2023;43000,00;08/03/2023;21500,00
https://amleiloeiro.com.br/lote/20615/fordka-flex;27/02/2023;17000,00;08/03/2023;8500,00
https://amleiloeiro.com.br/lote/20644/ivw-jetta-variant;27/02/2023;41000,00;08/03/2023;32800,00
https://amleiloeiro.com.br/lote/20639/ibmw-x5-fa11;27/02/2023;36000,00;08/03/2023;18000,00
https://amleiloeiro.com.br/lote/20625/vwnova-saveiro-ce;27/02/2023;21000,00;08/03/2023;16800,00
https://amleiloeiro.com.br/lote/20618/gmprisma-maxx;27/02/2023;20000,00;08/03/2023;10000,00
https://amleiloeiro.com.br/lote/20640/ibmw-x3-pa91;27/02/2023;18000,00;08/03/2023;14400,00
https://amleiloeiro.com.br/lote/20643/vwgol-10;27/02/2023;18000,00;08/03/2023;9000,00
https://amleiloeiro.com.br/lote/20665/renaultsandero-authentique-10-16v;27/02/2023;18000,00;08/03/2023;14400,00
https://amleiloeiro.com.br/lote/20611/ivw-beetle-novo-fusca;27/02/2023;15000,00;08/03/2023;12000,00
https://amleiloeiro.com.br/lote/20624/ford-fiesta-flex;27/02/2023;14000,00;08/03/2023;11200,00
https://amleiloeiro.com.br/lote/20636/fordecosport-xls-16l;27/02/2023;13000,00;08/03/2023;10400,00
https://amleiloeiro.com.br/lote/20622/impford-explorer-xlt-4x2;27/02/2023;12000,00;08/03/2023;7200,00
https://amleiloeiro.com.br/lote/20603/ibmw-x5-fa11;09/01/2023;;;20000,00
https://amleiloeiro.com.br/lote/20604/ibmw-x3-pa91;09/01/2023;;;16000,00
https://amleiloeiro.com.br/lote/20597/ibmw-x5-fa11;28/12/2022;;;20000,00
https://amleiloeiro.com.br/lote/20598/ibmw-x3-pa91;28/12/2022;;;16000,00
https://amleiloeiro.com.br/lote/20599/fordecosport-xls-16l;28/12/2022;;;12800,00
https://amleiloeiro.com.br/lote/20601/pedras-variadas;28/12/2022;;;766,80
https://amleiloeiro.com.br/lote/20602/diversos;28/12/2022;;;240,64
https://amleiloeiro.com.br/lote/20594/ibmw-x5-fa11;19/12/2022;;;20000,00
https://amleiloeiro.com.br/lote/20595/ibmw-x3-pa91;19/12/2022;;;16000,00
https://amleiloeiro.com.br/lote/20587/fordecosport-xls-16l;19/12/2022;;;12800,00
https://amleiloeiro.com.br/lote/20591/pedras-variadas;19/12/2022;;;766,80
https://amleiloeiro.com.br/lote/20592/diversos;19/12/2022;;;240,64
https://amleiloeiro.com.br/lote/20425/casa-geminada;25/11/2022;285343,41;09/12/2022;199740,39
https://amleiloeiro.com.br/lote/20426/apartamento-cjto-residencial-jd-das-palmeiras-ii;25/11/2022;217453,59;09/12/2022;108726,79
https://amleiloeiro.com.br/lote/20428/sobrado;25/11/2022;165873,14;09/12/2022;82936,57
https://amleiloeiro.com.br/lote/20443/casa;25/11/2022;407591,61;09/12/2022;203795,80
https://amleiloeiro.com.br/lote/20439/terreno;25/11/2022;141056,00;09/12/2022;70528,00
https://amleiloeiro.com.br/lote/20438/casa;25/11/2022;122575,45;09/12/2022;61287,72
https://amleiloeiro.com.br/lote/20440/ikia-sorento-ex2-24-g27;25/11/2022;50000,00;09/12/2022;25000,00
https://amleiloeiro.com.br/lote/20437/fiat-uno-mile-smart;25/11/2022;9500,00;09/12/2022;4750,00
https://amleiloeiro.com.br/lote/20442/acoes-ordinarias-nominativas;25/11/2022;71606,00;09/12/2022;35803,00
https://amleiloeiro.com.br/lote/20445/repuxadeira;25/11/2022;2400,00;09/12/2022;1200,00
https://amleiloeiro.com.br/lote/20446/carregador-de-bateria;25/11/2022;330,00;09/12/2022;165,00
https://amleiloeiro.com.br/lote/20447/cyborg-alinhamento-monobloco;25/11/2022;4200,00;09/12/2022;2100,00
https://amleiloeiro.com.br/lote/20448/solda-mig;25/11/2022;4400,00;09/12/2022;2200,00
https://amleiloeiro.com.br/lote/20449/compressor;25/11/2022;3700,00;09/12/2022;1850,00
https://amleiloeiro.com.br/lote/20450/macacos-jacare;25/11/2022;3200,00;09/12/2022;1600,00
https://amleiloeiro.com.br/lote/20452/portao;25/11/2022;5000,00;09/12/2022;2500,00
https://amleiloeiro.com.br/lote/20453/portao;25/11/2022;4000,00;09/12/2022;2000,00
https://amleiloeiro.com.br/lote/20454/grades;25/11/2022;4400,00;09/12/2022;2200,00
https://amleiloeiro.com.br/lote/20455/grades;25/11/2022;2500,00;09/12/2022;1250,00
https://amleiloeiro.com.br/lote/20434/garagem;25/11/2022;57000,00;09/12/2022;28500,00
https://amleiloeiro.com.br/lote/20435/fiatidea-elx-flex-20062006;25/11/2022;14000,00;09/12/2022;7000,00
https://amleiloeiro.com.br/lote/20533/fordecosport-xls-16l;08/12/2022;;;12800,00
https://amleiloeiro.com.br/lote/20585/peugeot208-griffe;08/12/2022;;;16000,00
https://amleiloeiro.com.br/lote/20536/renaultscenic-rt-16-16v;08/12/2022;;;5500,00
https://amleiloeiro.com.br/lote/20581/pedras-variadas;08/12/2022;;;766,80
https://amleiloeiro.com.br/lote/20582/diversos;08/12/2022;;;240,64
https://amleiloeiro.com.br/lote/20583/computadores;08/12/2022;;;640,00
https://amleiloeiro.com.br/lote/20432/terreno;23/11/2022;2684,68;07/12/2022;1342,34
https://amleiloeiro.com.br/lote/20431/mbenz-l-708-e;23/11/2022;26000,00;07/12/2022;13000,00
https://amleiloeiro.com.br/lote/20430/fiatuno-fiorino-15;23/11/2022;2500,00;07/12/2022;1250,00
https://amleiloeiro.com.br/lote/20393/imini-cooper-sca;18/11/2022;55000,00;28/11/2022;44000,00
https://amleiloeiro.com.br/lote/20394/peugeot208-griffe;18/11/2022;20000,00;28/11/2022;16000,00
https://amleiloeiro.com.br/lote/20395/peugeot207-hb-xr;18/11/2022;16000,00;28/11/2022;12800,00
https://amleiloeiro.com.br/lote/20406/vwgolf-comfortline-md;18/11/2022;72000,00;28/11/2022;36000,00
https://amleiloeiro.com.br/lote/20410/mmcasx-20-awd-cvt;18/11/2022;55000,00;28/11/2022;44000,00
https://amleiloeiro.com.br/lote/20390/hyundaihb20-16a-premium;18/11/2022;41000,00;28/11/2022;32800,00
https://amleiloeiro.com.br/lote/20415/ibmw-x5-fa11;18/11/2022;40000,00;28/11/2022;20000,00
https://amleiloeiro.com.br/lote/20396/fiatmobi-drive;18/11/2022;33000,00;28/11/2022;26400,00
https://amleiloeiro.com.br/lote/20374/vwnova-saveiro-ce;18/11/2022;29000,00;28/11/2022;23200,00
https://amleiloeiro.com.br/lote/20361/ichevrolet-agile-ltz;18/11/2022;24000,00;28/11/2022;16800,00
https://amleiloeiro.com.br/lote/20375/ibmw-x3-pa91;18/11/2022;20000,00;28/11/2022;16000,00
https://amleiloeiro.com.br/lote/20404/fordecosport-xls-16l;18/11/2022;16000,00;28/11/2022;12800,00
https://amleiloeiro.com.br/lote/20363/iford-ranger-xls-13f;18/11/2022;15000,00;28/11/2022;12000,00
https://amleiloeiro.com.br/lote/20402/chevroletcelta-10l-ls;18/11/2022;13600,00;28/11/2022;10880,00
https://amleiloeiro.com.br/lote/20407/renaultscenic-rt-16-16v;18/11/2022;11000,00;28/11/2022;5500,00
https://amleiloeiro.com.br/lote/20409/gmcelta-2p-life;18/11/2022;6000,00;28/11/2022;4800,00
https://amleiloeiro.com.br/lote/20369/citroenc3-glx-14-flex;18/11/2022;5000,00;28/11/2022;3000,00
https://amleiloeiro.com.br/lote/295/aparelho-de-rx-odontologico;06/10/2022;;;20,00
https://amleiloeiro.com.br/lote/296/cofres-em-aco;06/10/2022;;;50,00
https://amleiloeiro.com.br/lote/297/autoclave-sucata;06/10/2022;;;50,00
https://amleiloeiro.com.br/lote/298/desfibrilador;06/10/2022;;;2200,00
https://amleiloeiro.com.br/lote/299/liquefatora;06/10/2022;;;15000,00
https://amleiloeiro.com.br/lote/300/laboratorio-fotografico-e-cofre;06/10/2022;;;309,60
https://amleiloeiro.com.br/lote/301/material-de-suporte;06/10/2022;;;4040,00
https://amleiloeiro.com.br/lote/302/material-de-suporte;06/10/2022;;;85087,10
https://amleiloeiro.com.br/lote/303/equipamentos-de-informatica;06/10/2022;;;5000,00
https://amleiloeiro.com.br/lote/304/televisores-aparelhos-de-som-radio;06/10/2022;;;3500,00
https://amleiloeiro.com.br/lote/305/sequenciador;06/10/2022;;;42256,50
https://amleiloeiro.com.br/lote/306/placa-cooleng;06/10/2022;;;2245,57
https://amleiloeiro.com.br/lote/307/sistema-dosador-p-liquidos;06/10/2022;;;39385,62
https://amleiloeiro.com.br/lote/308/sequenciador-de-dna-apllied;06/10/2022;;;27000,00
https://amleiloeiro.com.br/lote/309/sequenciador;06/10/2022;;;9400,00
https://amleiloeiro.com.br/lote/351/imini-cooper-sca;03/10/2022;;;52000,00
https://amleiloeiro.com.br/lote/352/peugeot208-griffe;03/10/2022;;;20000,00
https://amleiloeiro.com.br/lote/353/peugeot207-hb-xr;03/10/2022;;;15200,00
https://amleiloeiro.com.br/lote/354/ichevrolet-agile-ltz;03/10/2022;;;18900,00
https://amleiloeiro.com.br/lote/355/gmcelta-2p-life;03/10/2022;;;7200,00
https://amleiloeiro.com.br/lote/356/diversas-pedras;03/10/2022;;;1024,00
https://amleiloeiro.com.br/lote/357/diversos;03/10/2022;;;300,80
https://amleiloeiro.com.br/lote/281/casa-com-piscina;16/09/2022;399267,82;30/09/2022;299450,86
https://amleiloeiro.com.br/lote/280/casa;16/09/2022;261618,48;30/09/2022;130809,24
https://amleiloeiro.com.br/lote/279/terreno;16/09/2022;164773,07;30/09/2022;123579,80
https://amleiloeiro.com.br/lote/278/apartamento;16/09/2022;140845,50;30/09/2022;70422,75
https://amleiloeiro.com.br/lote/277/terreno;16/09/2022;12791,55;30/09/2022;6395,77
https://amleiloeiro.com.br/lote/282/montana-ls;16/09/2022;36614,00;30/09/2022;18307,00
https://amleiloeiro.com.br/lote/284/vwfox-10-gii;16/09/2022;18850,00;30/09/2022;9425,00
https://amleiloeiro.com.br/lote/285/gmcorsa-milenium;16/09/2022;10195,00;30/09/2022;5097,50
https://amleiloeiro.com.br/lote/283/gm-chevrolet-d10;16/09/2022;10000,00;30/09/2022;5000,00
https://amleiloeiro.com.br/lote/261/fazenda-em-tijucas-do-sul;09/09/2022;2677496,59;23/09/2022;1338748,29
https://amleiloeiro.com.br/lote/263/barracao;09/09/2022;1002262,22;23/09/2022;501131,11
https://amleiloeiro.com.br/lote/264/casa;09/09/2022;407591,61;23/09/2022;203795,80
https://amleiloeiro.com.br/lote/276/casa;09/09/2022;378369,05;23/09/2022;189184,52
https://amleiloeiro.com.br/lote/275/sala-comercial-no-15;09/09/2022;124248,73;23/09/2022;62124,36
https://amleiloeiro.com.br/lote/265/vaga-de-garagem;09/09/2022;17507,19;23/09/2022;8753,59
https://amleiloeiro.com.br/lote/262/acoes;09/09/2022;71606,00;23/09/2022;35803,00
https://amleiloeiro.com.br/lote/272/renault-kangoo-exprl-16;09/09/2022;10500,00;23/09/2022;5250,00
https://amleiloeiro.com.br/lote/273/vwgol-gli-18;09/09/2022;9000,00;23/09/2022;4500,00
https://amleiloeiro.com.br/lote/266/repuxadeira-eletrica;09/09/2022;2400,00;23/09/2022;1200,00
https://amleiloeiro.com.br/lote/267/carregador-de-bateria;09/09/2022;330,00;23/09/2022;165,00
https://amleiloeiro.com.br/lote/268/cyborg-alinhamento-monobloco;09/09/2022;4200,00;23/09/2022;2100,00
https://amleiloeiro.com.br/lote/269/solda-mig-250a;09/09/2022;4400,00;23/09/2022;2200,00
https://amleiloeiro.com.br/lote/270/compressor-de-ar-20-pes;09/09/2022;3700,00;23/09/2022;1850,00
https://amleiloeiro.com.br/lote/271/macacos-jacare;09/09/2022;3200,00;23/09/2022;1600,00
https://amleiloeiro.com.br/lote/274/notebook-acer-aspire;09/09/2022;1000,00;23/09/2022;500,00
https://amleiloeiro.com.br/lote/202/casa-em-alvenaria;09/09/2022;865614,60;23/09/2022;432807,30
https://amleiloeiro.com.br/lote/203/apartamento;09/09/2022;107455,30;23/09/2022;53727,65
https://amleiloeiro.com.br/lote/204/fiatidea-elx-flex;09/09/2022;14000,00;23/09/2022;7000,00
https://amleiloeiro.com.br/lote/291/imini-cooper-sca;22/09/2022;;;52000,00
https://amleiloeiro.com.br/lote/292/peugeot208-griffe;22/09/2022;;;20000,00
https://amleiloeiro.com.br/lote/293/peugeot207-hb-xr;22/09/2022;;;15200,00
https://amleiloeiro.com.br/lote/294/ichevrolet-agile-ltz;22/09/2022;;;18900,00
https://amleiloeiro.com.br/lote/290/vwfox-16-gii;22/09/2022;;;16800,00
https://amleiloeiro.com.br/lote/288/gmcelta-2p-life;22/09/2022;;;7200,00
https://amleiloeiro.com.br/lote/289/fiatpalio-ed;22/09/2022;;;2880,00
https://amleiloeiro.com.br/lote/286/diversas-pedras;22/09/2022;;;1024,00
https://amleiloeiro.com.br/lote/287/diversos;22/09/2022;;;300,80
https://amleiloeiro.com.br/lote/260/ifiat-freemont-precision;13/09/2022;;;25000,00
https://amleiloeiro.com.br/lote/220/bmwx1-s20i-active-flex;02/09/2022;130000,00;12/09/2022;104000,00
https://amleiloeiro.com.br/lote/221/aparelho-de-tv;02/09/2022;1400,00;12/09/2022;1120,00
https://amleiloeiro.com.br/lote/222/aparelho-de-tv;02/09/2022;1400,00;12/09/2022;1120,00
https://amleiloeiro.com.br/lote/223/aparelho-de-tv;02/09/2022;1400,00;12/09/2022;1120,00
https://amleiloeiro.com.br/lote/224/aparelho-de-tv;02/09/2022;1400,00;12/09/2022;1120,00
https://amleiloeiro.com.br/lote/244/imini-cooper-sca;02/09/2022;65000,00;12/09/2022;52000,00
https://amleiloeiro.com.br/lote/245/peugeot208-griffe;02/09/2022;25000,00;12/09/2022;20000,00
https://amleiloeiro.com.br/lote/246/peugeot207-hb-xr;02/09/2022;19000,00;12/09/2022;15200,00
https://amleiloeiro.com.br/lote/243/ivw-jetta-hl-ad;02/09/2022;70000,00;12/09/2022;56000,00
https://amleiloeiro.com.br/lote/225/ibmw-x5-fa11;02/09/2022;45000,00;12/09/2022;22500,00
https://amleiloeiro.com.br/lote/236/hyundaihb20-16a-premium;02/09/2022;45000,00;12/09/2022;36000,00
https://amleiloeiro.com.br/lote/248/ipeugeot-308-allure;02/09/2022;37000,00;12/09/2022;18500,00
https://amleiloeiro.com.br/lote/217/chevroletonix-10mt-lt;02/09/2022;35000,00;12/09/2022;28000,00
https://amleiloeiro.com.br/lote/235/hyundaihb20-10m-comfort;02/09/2022;32000,00;12/09/2022;25600,00
https://amleiloeiro.com.br/lote/251/vwnova-saveiro-ce;02/09/2022;29000,00;12/09/2022;23200,00
https://amleiloeiro.com.br/lote/259/ichevrolet-agile-ltz;02/09/2022;27000,00;12/09/2022;18900,00
https://amleiloeiro.com.br/lote/232/vwfox-16-gii;02/09/2022;21000,00;12/09/2022;16800,00
https://amleiloeiro.com.br/lote/253/fiatuno-mille-way-economy;02/09/2022;21000,00;12/09/2022;10500,00
https://amleiloeiro.com.br/lote/226/chevroletcelta-10l-ls;02/09/2022;16000,00;12/09/2022;12800,00
https://amleiloeiro.com.br/lote/213/gmcelta-2p-life;02/09/2022;9000,00;12/09/2022;7200,00
https://amleiloeiro.com.br/lote/214/fiatpalio-ed;02/09/2022;3600,00;12/09/2022;2880,00
https://amleiloeiro.com.br/lote/227/igm-classic-life;02/09/2022;7000,00;12/09/2022;5600,00
https://amleiloeiro.com.br/lote/195/chevroletonix-10mt-lt;30/07/2022;;;31200,00
https://amleiloeiro.com.br/lote/196/gmcelta-2p-life;30/07/2022;;;8800,00
https://amleiloeiro.com.br/lote/197/fiatpalio-ed;30/07/2022;;;3600,00
https://amleiloeiro.com.br/lote/198/diversas-pedras;30/07/2022;;;1298,00
https://amleiloeiro.com.br/lote/199/diversos;30/07/2022;;;376,00
https://amleiloeiro.com.br/lote/200/anel-em-ouro-18k;30/07/2022;;;697,09
https://amleiloeiro.com.br/lote/201/lote-contendo-diversas-bijuterias;30/07/2022;;;2266,40
https://amleiloeiro.com.br/lote/187/chevroletonix-10mt-lt;20/07/2022;;;31200,00
https://amleiloeiro.com.br/lote/188/gmcelta-2p-life;20/07/2022;;;8800,00
https://amleiloeiro.com.br/lote/189/fiatpalio-ed;20/07/2022;;;3600,00
https://amleiloeiro.com.br/lote/190/44-piramides;20/07/2022;;;528,00
https://amleiloeiro.com.br/lote/191/diversas-pedras;20/07/2022;;;1298,00
https://amleiloeiro.com.br/lote/192/diversos;20/07/2022;;;376,00
https://amleiloeiro.com.br/lote/193/anel-em-ouro-18k;20/07/2022;;;697,09
https://amleiloeiro.com.br/lote/194/lote-contendo-diversas-bijuterias;20/07/2022;;;2266,40
https://amleiloeiro.com.br/lote/176/imbenz-415-guerra-mc-20;11/07/2022;;;158400,00
https://amleiloeiro.com.br/lote/177/chevroletonix-10mt-lt;11/07/2022;;;31200,00
https://amleiloeiro.com.br/lote/178/gmcelta-2p-life;11/07/2022;;;8800,00
https://amleiloeiro.com.br/lote/179/fiatpalio-ed;11/07/2022;;;3600,00
https://amleiloeiro.com.br/lote/180/44-piramides;11/07/2022;;;528,00
https://amleiloeiro.com.br/lote/181/diversas-pedras;11/07/2022;;;1298,00
https://amleiloeiro.com.br/lote/182/diversos;11/07/2022;;;376,00
https://amleiloeiro.com.br/lote/183/anel-em-ouro-18k;11/07/2022;;;697,09
https://amleiloeiro.com.br/lote/184/anel-em-ouro-14k;11/07/2022;;;244,66
https://amleiloeiro.com.br/lote/185/par-de-brincos-em-ouro-18k;11/07/2022;;;1481,31
https://amleiloeiro.com.br/lote/186/lote-contendo-diversas-bijuterias;11/07/2022;;;2266,40
https://amleiloeiro.com.br/lote/140/imbenz-415-guerra-mc-20;20/06/2022;198000,00;30/06/2022;158400,00
https://amleiloeiro.com.br/lote/135/semi-reboque-niju-njsrfr-3e;20/06/2022;40000,00;30/06/2022;32000,00
https://amleiloeiro.com.br/lote/154/chevroletonix-10mt-lt;20/06/2022;39000,00;30/06/2022;31200,00
https://amleiloeiro.com.br/lote/136/fiatfiorino-flex;20/06/2022;12000,00;30/06/2022;9600,00
https://amleiloeiro.com.br/lote/137/fiatfiorino-ie;20/06/2022;8000,00;30/06/2022;6400,00
https://amleiloeiro.com.br/lote/161/toyotabandeirante;20/06/2022;15000,00;30/06/2022;10500,00
https://amleiloeiro.com.br/lote/162/yamahaxtz-125-e;20/06/2022;4000,00;30/06/2022;2800,00
https://amleiloeiro.com.br/lote/139/gmmeriva-maxx;20/06/2022;18000,00;30/06/2022;9000,00
https://amleiloeiro.com.br/lote/146/icitroen-c4-16-glx-5p-f;20/06/2022;18000,00;30/06/2022;14400,00
https://amleiloeiro.com.br/lote/142/gmcelta-2p-life;20/06/2022;11000,00;30/06/2022;8800,00
https://amleiloeiro.com.br/lote/143/fiatpalio-ed;20/06/2022;4500,00;30/06/2022;3600,00
https://amleiloeiro.com.br/lote/116/fiatuno-mille-economy;20/06/2022;15000,00;30/06/2022;7500,00
https://amleiloeiro.com.br/lote/157/vwkombi-pick-up;20/06/2022;14000,00;30/06/2022;11200,00
https://amleiloeiro.com.br/lote/167/vwgol-10;20/06/2022;8000,00;30/06/2022;4000,00
https://amleiloeiro.com.br/lote/111/renaultclio-rl-10;20/06/2022;6000,00;30/06/2022;4800,00
https://amleiloeiro.com.br/lote/149/fox-10;20/06/2022;5000,00;30/06/2022;4000,00
https://amleiloeiro.com.br/lote/168/fordfiesta-gl-class;20/06/2022;4000,00;30/06/2022;3200,00
https://amleiloeiro.com.br/lote/155/hondacg-150-titan-ks;20/06/2022;3500,00;30/06/2022;2800,00
https://amleiloeiro.com.br/lote/156/hondacg-150-titan-mix-ks;20/06/2022;4000,00;30/06/2022;3200,00
https://amleiloeiro.com.br/lote/105/casa;10/06/2022;239015,72;24/06/2022;119507,86
https://amleiloeiro.com.br/lote/107/terreno;10/06/2022;173726,31;24/06/2022;86863,15
https://amleiloeiro.com.br/lote/108/renaultclio-rl-10;10/06/2022;2000,00;24/06/2022;1000,00
https://amleiloeiro.com.br/lote/106/gmcorsa-milenium;10/06/2022;10195,00;24/06/2022;5097,50
https://amleiloeiro.com.br/lote/109/ski-aquatico;10/06/2022;2500,00;24/06/2022;1250,00
https://amleiloeiro.com.br/lote/110/ski-aquatico;10/06/2022;2500,00;24/06/2022;1250,00
https://amleiloeiro.com.br/lote/91/motocicleta;08/06/2022;3100,00;22/06/2022;1550,00
https://amleiloeiro.com.br/lote/92/fordcorcel-ii;08/06/2022;500,00;22/06/2022;250,00
https://amleiloeiro.com.br/lote/93/fazenda-em-tijucas-do-sul;08/06/2022;2847740,44;22/06/2022;1423870,22
https://amleiloeiro.com.br/lote/101/casa-em-condominio-fechado;08/06/2022;3961282,60;22/06/2022;1980641,30
https://amleiloeiro.com.br/lote/99/predio-comercial;08/06/2022;2204608,67;22/06/2022;1469739,10
https://amleiloeiro.com.br/lote/100/sobrado;08/06/2022;378369,05;22/06/2022;189184,52
https://amleiloeiro.com.br/lote/97/sala-comercial-no-10;08/06/2022;124248,73;22/06/2022;62124,36
https://amleiloeiro.com.br/lote/98/sala-comercial-no-15;08/06/2022;124248,73;22/06/2022;62124,36
https://amleiloeiro.com.br/lote/96/terreno;08/06/2022;103187,33;22/06/2022;51593,67
https://amleiloeiro.com.br/lote/94/vwgol-gli-18;08/06/2022;9000,00;22/06/2022;4500,00
https://amleiloeiro.com.br/lote/102/gmcorsa-wind;08/06/2022;8224,00;22/06/2022;4112,00
https://amleiloeiro.com.br/lote/95/notebook-acer-aspire;08/06/2022;1000,00;22/06/2022;500,00
https://amleiloeiro.com.br/lote/103/casa;08/06/2022;410570,58;22/06/2022;328456,46
https://amleiloeiro.com.br/lote/104/sala-comercial;08/06/2022;273167,28;22/06/2022;163900,37
https://amleiloeiro.com.br/lote/85/vestido-de-noiva;01/06/2022;;;4000,00
https://amleiloeiro.com.br/lote/86/tiara-ou-porta-coque;01/06/2022;;;400,00
https://amleiloeiro.com.br/lote/87/veu-para-noiva;01/06/2022;;;800,00
https://amleiloeiro.com.br/lote/88/sapato-salto-alto;01/06/2022;;;160,00
https://amleiloeiro.com.br/lote/89/lareira-luiz-xv-marumby;01/06/2022;;;2000,00
https://amleiloeiro.com.br/lote/67/terreno;25/05/2022;;;1136541,36
https://amleiloeiro.com.br/lote/82/hondacivic-lxs-flex;09/05/2022;38000,00;19/05/2022;19000,00
https://amleiloeiro.com.br/lote/75/vestido-de-noiva;25/04/2022;;;5000,00
https://amleiloeiro.com.br/lote/76/tiara-ou-porta-coque;25/04/2022;;;500,00
https://amleiloeiro.com.br/lote/77/veu-para-noiva;25/04/2022;;;1000,00
https://amleiloeiro.com.br/lote/78/sapato-salto-alto;25/04/2022;;;200,00
https://amleiloeiro.com.br/lote/79/lareira-luiz-xv-marumby;25/04/2022;;;3000,00
https://amleiloeiro.com.br/lote/80/icitroen-c4-16-glx-5p-f;18/04/2022;;;17600,00
https://amleiloeiro.com.br/lote/81/bijuterias;18/04/2022;;;2905,28
https://amleiloeiro.com.br/lote/73/icitroen-c4-16-glx-5p-f;07/04/2022;;;17600,00
https://amleiloeiro.com.br/lote/74/bijuterias;07/04/2022;;;2905,28
https://amleiloeiro.com.br/lote/70/ipeugeot-308-griffe-thp;28/03/2022;;;29600,00
https://amleiloeiro.com.br/lote/71/icitroen-c4-16-glx-5p-f;28/03/2022;;;17600,00
https://amleiloeiro.com.br/lote/72/bijuterias;28/03/2022;;;2905,28
https://amleiloeiro.com.br/lote/30/fazenda;08/03/2022;2677496,59;22/03/2022;1338748,29
https://amleiloeiro.com.br/lote/28/apartamento;08/03/2022;192995,95;22/03/2022;96497,98
https://amleiloeiro.com.br/lote/29/carro-de-passeio;08/03/2022;8224,00;22/03/2022;4112,00
https://amleiloeiro.com.br/lote/24/terreno;08/03/2022;4464739,19;22/03/2022;2232369,60
https://amleiloeiro.com.br/lote/26/sala-comercial;08/03/2022;512867,67;22/03/2022;256433,83
https://amleiloeiro.com.br/lote/27/apartamento;08/03/2022;419947,53;22/03/2022;209973,77
https://amleiloeiro.com.br/lote/23/casa;08/03/2022;410570,58;22/03/2022;328456,46
https://amleiloeiro.com.br/lote/25/casa;08/03/2022;363425,66;22/03/2022;181712,83
https://amleiloeiro.com.br/lote/7/sobrado;04/03/2022;318504,92;18/03/2022;159252,46
https://amleiloeiro.com.br/lote/20/casa;04/03/2022;261618,48;18/03/2022;130809,24
https://amleiloeiro.com.br/lote/21/casa;04/03/2022;254263,93;18/03/2022;127131,96
https://amleiloeiro.com.br/lote/11/casa;04/03/2022;252823,81;18/03/2022;126411,90
https://amleiloeiro.com.br/lote/16/chacara;04/03/2022;32893,59;18/03/2022;16446,79
https://amleiloeiro.com.br/lote/12/terreno;04/03/2022;17644,93;18/03/2022;8822,47
https://amleiloeiro.com.br/lote/13/terreno;04/03/2022;17644,93;18/03/2022;8822,47
https://amleiloeiro.com.br/lote/22/caminhao;04/03/2022;30000,00;18/03/2022;15000,00
https://amleiloeiro.com.br/lote/17/suv;04/03/2022;12000,00;18/03/2022;6000,00
https://amleiloeiro.com.br/lote/18/carro-de-passeio;04/03/2022;4000,00;18/03/2022;2000,00
https://amleiloeiro.com.br/lote/19/motocicleta;04/03/2022;2000,00;18/03/2022;1000,00
https://amleiloeiro.com.br/lote/14/ski;04/03/2022;2500,00;18/03/2022;1250,00
https://amleiloeiro.com.br/lote/15/ski;04/03/2022;2500,00;18/03/2022;1250,00
https://amleiloeiro.com.br/lote/32/semirreboque;07/03/2022;45000,00;17/03/2022;36000,00
https://amleiloeiro.com.br/lote/66/caminhonete;07/03/2022;41000,00;17/03/2022;32800,00
https://amleiloeiro.com.br/lote/46/carro-de-passeio;07/03/2022;37000,00;17/03/2022;29600,00
https://amleiloeiro.com.br/lote/45/carro-de-passeio;07/03/2022;28000,00;17/03/2022;14000,00
https://amleiloeiro.com.br/lote/49/carro-de-passeio;07/03/2022;22000,00;17/03/2022;17600,00
https://amleiloeiro.com.br/lote/55/furgao;07/03/2022;15000,00;17/03/2022;12000,00
https://amleiloeiro.com.br/lote/56/furgao;07/03/2022;10000,00;17/03/2022;8000,00
https://amleiloeiro.com.br/lote/51/caminhonete;07/03/2022;14000,00;17/03/2022;11200,00
https://amleiloeiro.com.br/lote/33/carro-de-passeio;07/03/2022;7000,00;17/03/2022;4900,00
https://amleiloeiro.com.br/lote/44/motocicleta;07/03/2022;5000,00;17/03/2022;4000,00
https://amleiloeiro.com.br/lote/47/sucata;07/03/2022;2000,00;17/03/2022;1600,00
https://amleiloeiro.com.br/lote/48/sucata;07/03/2022;2000,00;17/03/2022;1600,00
https://amleiloeiro.com.br/lote/38/sucata;07/03/2022;300,00;17/03/2022;180,00
https://amleiloeiro.com.br/lote/39/sucata;07/03/2022;300,00;17/03/2022;180,00
https://amleiloeiro.com.br/lote/40/sucata;07/03/2022;300,00;17/03/2022;180,00
https://amleiloeiro.com.br/lote/54/sucata;07/03/2022;500,00;17/03/2022;400,00
https://amleiloeiro.com.br/lote/43/sucata;07/03/2022;500,00;17/03/2022;400,00
https://amleiloeiro.com.br/lote/42/sucata;07/03/2022;300,00;17/03/2022;240,00
https://amleiloeiro.com.br/lote/41/sucata;07/03/2022;200,00;17/03/2022;160,00
https://amleiloeiro.com.br/lote/21295/casa;19/01/2024;176224,42;29/01/2024;105734,65
https://amleiloeiro.com.br/lote/21402/immc-asx-20-20122013;22/01/2024;41000,00;01/02/2024;32800,00
https://amleiloeiro.com.br/lote/21403/renaultsandero-exp-16-20112011;22/01/2024;16000,00;01/02/2024;12800,00
https://amleiloeiro.com.br/lote/21404/vwgol-10-20102011;22/01/2024;15000,00;01/02/2024;12000,00
https://amleiloeiro.com.br/lote/21405/fiatpalio-fire-20022003;22/01/2024;5000,00;01/02/2024;4000,00
https://amleiloeiro.com.br/lote/21412/sucata;22/01/2024;200,00;01/02/2024;160,00
